URL,Location,Company,Employment Type,Years of Exp,Education Level,Data
"https://www.glassdoor.com/job-listing/software-developer-entry-level-cgi-group-inc-JV_IC1127429_KO0,30_KE31,44.htm?jl=1008830221327",Alabama,"CGI Group, Inc.",Permanent,not given,,"Software Developer Entry Level   Position Description  Launch a world class career.  Are you fascinated by information technology and its role in innovative business solutions? Are you a collaborative problem solver who wants to build a dynamic career making an impact for some of the most influential companies and government agencies in the world? If so, we think CGI is just the place for you.   As a Software Developer on our team, you'll work in a highly collaborative environment to provide expertise in designing, developing, and executing solutions to enhance the quality of IT products and services. At CGI, you can explore your full potential - not confined by borders or pre-defined paths. You're empowered to solve problems in your own unique way which is not only valued and respected but encouraged.   We're a close-knit team that has access to global resources. You'll have the opportunity to explore a wide range of tools, technologies, and cutting edge solutions, all while enjoying the personal touch that our local operating approach offers.   **Spring Application Period is from January 15, 2024 through March 8, 2024**  Your future duties and responsibilities  How you'll make an impact Develop technical prototypes and assist in the creation of software documentation including requirements, design, and user manuals.Understand and apply software design patterns.Collaborate with team members to find better, more efficient ways of doing things.Develop software solutions for business problems by using the latest tools, such as Microsoft .NET, Java, and open-source technologies.Develop database, ETL, and reporting solutions by leveraging the latest database technologies.Participate in peer-led engineering and code reviews.Develop an understanding of the benefits of quality assurance within enterprise software applications.Assist in the development and execution of test cases and system test plans. Required qualifications to be successful in this role  What you'll bring A bachelor's degree in a relevant field (i.e.: Computer Science, Computer Engineering or a similar major with extensive computer-based or technical content)Experience with SQL, Java, C++, J2EE, C# and/or .Net developmentThe ability to learn and understand new technologies quicklyA great attitude and desire for learningExcellent problem solving, written and verbal communication skillsFlexibility and ability to deal with ambiguityAbility to work within a team environmentAbility to work in the U.S. permanently Let's talk about benefits Competitive base salaryComprehensive insurance options401(k) with company matchShare purchase plan with a company matchPaid vacation, holidays, and sick leaveUp to 14 weeks of Maternity Leave with full pay4-week Parental Leave for all non-birth parentsAttorney-assisted will preparationHealth savings accountDisability, life, and accidental death insurancePet insuranceWork-life balance and flexibilityTuition assistance continuous learning opportunitiesTraining, mentoring, and career developmentMember assistance programWellness programMember resource groups that provide community The best version of you starts here We're a global company of owners. Over 90,000 members strong, we bring our diverse backgrounds and perspectives together to solve some of IT and business consulting's toughest problems for some of the world's best companies. Looking for a place that empowers you to explore your full potential and shape your own career? The scale and reach of our impact offer you just that. Join a team of great people, collaborate on meaningful work, and serve the communities you call home while you do it.  CGI is required by law in some jurisdictions to include a reasonable estimate of the compensation range for this role. The determination of this range includes various factors not limited to skill set level, experience and training, and licensure and certifications. To support the ability to reward for merit-based performance, CGI typically does not hire individuals at or near the top of the range for their role. Compensation decisions are dependent on the facts and circumstances of each case. A reasonable estimate of the current range is $55,600- $91,700.  #LI-ES1 #CGIEarlyCareers  Insights you can act on  While technology is at the heart of our clients' digital transformation, we understand that people are at the heart of business success.   When you join CGI, you become a trusted advisor, collaborating with colleagues and clients to bring forward actionable insights that deliver meaningful and sustainable outcomes. We call our employees ""members"" because they are CGI shareholders and owners and owners who enjoy working and growing together to build a company we are proud of. This has been our Dream since 1976, and it has brought us to where we are today - one of the world's largest independent providers of IT and business consulting services.   At CGI, we recognize the richness that diversity brings. We strive to create a work culture where all belong and collaborate with clients in building more inclusive communities. As an equal-opportunity employer, we want to empower all our members to succeed and grow. If you require an accommodation at any point during the recruitment process, please let us know. We will be happy to assist.   Ready to become part of our success story? Join CGI - where your ideas and actions make a difference.  Qualified applicants will receive consideration for employment without regard to their race, ethnicity, ancestry, color, sex, religion, creed, age, national origin, citizenship status, disability, pregnancy, medical condition, military and veteran status, marital status, sexual orientation or perceived sexual orientation, gender, gender identity, and gender expression, familial status, political affiliation, genetic information, height, weight, or any other legally protected status or characteristics.  CGI provides reasonable accommodations to qualified individuals with disabilities. If you need an accommodation to apply for a job in the U.S., please email the CGI U.S. Employment Compliance mailbox at US_Employment_Compliance@cgi.com . You will need to reference the Position ID of the position in which you are interested. Your message will be routed to the appropriate recruiter who will assist you. Please note, this email address is only to be used for those individuals who need an accommodation to apply for a job. Emails for any other reason or those that do not include a Position ID will not be returned.  We make it easy to translate military experience and skills! Click here to be directed to our site that is dedicated to veterans and transitioning service members.  All CGI offers of employment in the U.S. are contingent upon the ability to successfully complete a background investigation. Background investigation components can vary dependent upon specific assignment and/or level of US government security clearance held. CGI will consider for employment qualified applicants with arrests and conviction records in accordance with all local regulations and ordinances.  CGI will not discharge or in any other manner discriminate against employees or applicants because they have inquired about, discussed, or disclosed their own pay or the pay of another employee or applicant. However, employees who have access to the compensation information of other employees or applicants as a part of their essential job functions cannot disclose the pay of other employees or applicants to individuals who do not otherwise have access to compensation information, unless the disclosure is (a) in response to a formal complaint or charge, (b) in furtherance of an investigation, proceeding, hearing, or action, including an investigation conducted by the employer, or (c) consistent with CGI's legal duty to furnish information."
"https://www.glassdoor.com/job-listing/software-engineer-pradco-outdoor-brands-JV_IC1127429_KO0,17_KE18,39.htm?jl=1009111599758",Alabama,PRADCO Outdoor Brands,Remote,2,,"PRADCO Outdoor Brands (PRADCO) manufactures and markets major hunting and fishing brands and products. We are a leader in producing game calls, scents, attractants, game feeders, game cameras, tree stands and fishing lures. PRADCO Hunting owns the brands Moultrie, Summit, Knight & Hale, Code Blue, Texas Hunter Products and Whitetail Institute. PRADCO Fishing owns more than 20 brands including Bobby Garland, Booyah, Heddon, Lindy, Rebel, Thill, and YUM. For more information on PRADCO products, please visit our website at www.pradcooutdoorbrands.com. PRADCO team members participate in a selection of outstanding benefits, including: Profit Sharing Trust, Excellent Medical/Dental/Drug/Vision benefits, and many other benefits. Job Summary PRADCO is looking for a Software Engineer to contribute to its growing e-commerce business. The engineer will be supporting our e-commerce platform by updating the application, writing HTML, CSS and JavaScript for customer facing storefront features as well as writing backend code to integrate the platform with other systems. The position is a well-rounded role providing experience in the many layers of web software development. The Software Engineer position is a great opportunity to hone skills in many areas of web development, platform security and project management. The position is available for remote work, providing flexibility in time management and location. If you want to grow with a small team as we expand the capabilities of our business, please apply. Job Responsibilities Install platform and security updates for our Adobe Commerce (Magento) installation. Provide application support to the PRADCO team members that use the e-commerce platform. Write HTML, CSS and JavaScript frontend code for storefront pages. Write PHP backend code to integrate with other internal and 3rd-party systems. Maintain the security of the e-commerce platform to protect customer data, prevent fraudulent activity and continue PCI compliance. Communicate clearly with project stakeholders about task requirements and finished features. Manage assigned tasks using Kanban project management. Submit code using Git version control. Job Requirements Bachelor’s degree in information systems, computer science or related field of study, or equivalent software development experience. A minimum of 2 years’ experience with proficiency in: Object-oriented programming using a programming language like PHP, Java, C# or C++. Writing web frontend code using HTML, CSS and JavaScript. Using Git version control or other equivalent tools. Ability to work business hours in the North American Central time zone. Preferred Skills Experience using Adobe Commerce (Magento) preferred, but not required. Essential Job Functions Outstanding organizational, interpersonal and communication (written and verbal) skills. Strong analytical and problem-solving skills May require sitting for long periods of time in an office environment. Ability to see where process improvements can be made either through observation of processes or from communication with users and offer solutions to bring those improvements to life We are an equal opportunity employer and comply with all applicable federal, state, and local fair employment practices laws. We strictly prohibit and do not tolerate discrimination against employees, applicants, or any other covered persons because of race, color, sex, pregnancy status, age, national origin or ancestry, ethnicity, religion, creed, sexual orientation, gender identity, status as a veteran, and basis of disability or any other federal, state or local protected class. This policy applies to all terms and conditions of employment, including, but not limited to, hiring, training, promotion, discipline, compensation, benefits, and termination of employment. We comply with the Americans with Disabilities Act (ADA), as amended by the ADA Amendments Act, and all applicable state or local law."
"https://www.glassdoor.com/job-listing/full-stack-software-engineer-evernest-JV_IC1127429_KO0,28_KE29,37.htm?jl=1009094081762",Alabama,Evernest,,7,,"Full Stack Software Engineer at Evernest  COMPANY OVERVIEW  Evernest is a full-service real estate and property management company with a national presence and an outstanding reputation. We operate in 30+ of the nation's most investable markets and with over 15k homes under management, Evernest is recognized as one of the largest single-family and small multi-family brokers and property management companies in the country.  We’re on a mission to build something great. Our goal is to manage 25,000 homes by 2024 and 250k homes by 2030. It’s an exciting journey but we can’t do it alone. Evernest is looking for driven individuals who share our vision and are committed to our goals, core values and want to build a better future for our clients and the communities we serve.  POSITION OVERVIEW  As a Full Stack Software Engineer you will design, develop, and maintain software applications. You will be responsible for both front-end and back-end development, ensuring our applications are responsive, user-friendly, secure, and performant. You will collaborate with front-end developers, product managers, and designers to deliver applications. This role offers an opportunity to work on a wide range of projects, collaborate with cross-functional teams, and contribute to the growth and success of our organization.  RESPONSIBILITIES Design and develop software applications that meet business requirements. Work on both the front-end and back-end of applications, covering the entire technology stack. Collaborate with cross-functional teams, including designers, product managers, and other developers. Write clean, maintainable, and efficient code. Implement responsive and user-friendly user interfaces. Build and maintain databases, including data modeling, querying, and optimization. Implement server-side logic, APIs, and business logic. Ensure the security and integrity of data and applications. Perform testing and debugging to identify and fix issues. Optimize applications for performance and scalability. Stay up-to-date with industry trends, best practices, and emerging technologies. Participate in code reviews and provide constructive feedback. Deploy and maintain applications in production environments. Monitor and troubleshoot production systems to ensure they are running smoothly. Document code, processes, and architecture for reference and knowledge sharing. Provide support and maintenance for existing applications. Stay organized and manage project timelines and tasks effectively. Continuously improve skills and learn new technologies and frameworks.   COMPETENCIES Bachelor’s degree is required. 4-7 years of related experience is required. Knowledge of commonly used languages, development tools and frameworks, such as Python, PHP, Go, .Net, C++, C, VB, Delphi, Angular and others. API Management, Change/Version Control, Data Architecture, Scripting Languages, Server Architecture, Data Structures & Algorithms, API (Application Program Interface) Management Software, Source Code Management Software, Web Frameworks Software, Programming Language, Database Management System   This role is eligible for our company benefits package, including: Premium health care, 401k, etc Unlimited PTO as well as paid holidays A company-wide professional development program CORE VALUES  1. Win Together – Without sacrificing our core beliefs, we will always put the Team first. Individually, we can only achieve so much; as a team, everyone can meet, and exceed their goals.  2. Do the Right Thing - We will always be honest with each other, our residents, and our owners. We operate a truth-based property management company with high levels of accountability, regardless of how it affects us individually or as a company.  3. Own the Outcome – We will continuously strive for the best way to serve our Owners by frequently updating our processes, pushing ourselves never to be stagnant and never accepting the status quo. We are determined to revolutionize this industry.  4. Embrace the Grind – We are committed to the vision and core values, no matter what it takes or how long.  5. Grow Daily – We strive to grow as people as well as professionals. The positive habits we create in life impact our company and our clients.   #IND123"
"https://www.glassdoor.com/job-listing/associate-software-engineer-tocaro-blue-JV_IC1127429_KO0,27_KE28,39.htm?jl=1009058681737",Alabama,Tocaro Blue,"Flexible, Permanent, Temporary, Remote",2,,"Software Engineer Looking for an opportunity to make an impact at a fast growing, investor-backed AI/ML company? Do you have experience working with a software team and building cloud-based software? This is an exciting opportunity with a fast-growing team at the cutting-edge intersection of AI/ML models, sensor fusion, and large datasets. You will be an integral part of a high-performing multi-disciplinary team developing innovative products from the ground up. Tocaro Blue is a passionate team bringing real innovation to the recreational marine industry. Our flagship product is PROTEUS; a hardware device that combines sensor information from the vessel’s RADAR, depth transducer, and various data sets with AI/ML models. This information appears as an intuitive display, enabling confidence and enhanced awareness for the captain. We are looking for an Associate Software Engineer whose primary role will be development of the Linux application that supports Proteus core functionality and uptime, including software update management, resource optimization, connectivity control, and interaction with connected sensor hardware. Responsibilities  (Primary) Writing software for Linux Architecture Edge Computer (Qt C++, QML, bash) Write application code, in a team setting, aligned with the PROTEUS product roadmap  Requirements  Confident writing programs and solving technical problems independently Ability to read someone else’s code, understand it, and improve it Ability to plan a computer program before sitting down to write code BS in Electrical Engineering, Computer Science, or related field 2+ years desktop app and Linux programming experience  Nice to Have  Experience with communication protocols including REST, CAN, TCP/UDP, MQTT and BLE Personal projects, or hobby interest, in solving real-world problems with software Recreational marine experience or interest  Compensation & Commitment  $85,000 salary 401(k) with matching (up to 4% of salary), Health, Dental, Vision, Life, Disability Insurance In-house training on tools and techniques Ability to work on US Government Contracts (typically limited to US Citizens) Open to temporary or permanent remote working arrangements if based in the Southeast Occasional travel (monthly daytrips) for data collection / testing in Pensacola, Florida  ~~~ Why relocate to Birmingham, Alabama? Birmingham is a hidden gem at the foothills of the Appalachian Mountains. In the past few years, we have developed a thriving startup ecosystem to complement the traditionally strong healthcare, finance, and manufacturing sectors. Birmingham is geographically diverse and has many outdoor recreation areas nearby like Oak Mountain State Park, Red Mountain Park, and Mt. Cheaha. Being in central Alabama, Birmingham is easy driving to the Gulf Coast, as well as Atlanta, Georgia, and Nashville, Tennessee. We’re known for our food in Birmingham: The local restaurant and bar scene punches way over its weight for the size of the city (Hot & Hot Fish Club, Highlands Bar and Grill and others are nationally acclaimed B’ham restaurants). We also have fifteen craft breweries in the city limits with a wide variety of atmospheres from college-town pub to upscale cocktail bars. Our public and private schools are good. The cost of living in Birmingham is low (8% lower than the national average) and the strong economy and low unemployment rate, coupled with a low median household price means your money goes a lot farther when it comes to buying a home. Visit Birmingham and let it surprise you with its beauty, food, and charm. Learn more about Birmingham by checking out the links below! Birmingham Civil Rights Institute Birmingham Museum of Art Barber Motorsports Park Oak Mountain State Park Red Mountain Park Vulcan Park and Museum Lookout Mountain, Alabama Sloss Furnaces National Historic Landmark Tannehill State Park  ~~~ Tocaro Blue, LLC is an equal opportunity employer and we value diversity at our company. We do not discriminate on the basis of race, religion, color, national origin, gender, sexual orientation, age, marital status, veteran status, or disability status. Individual offers are based are made based on skill and experience, geographic location, as well as role, responsibility, and leadership within the company, and other due diligence. Our hiring team will try to determine whether each candidate fits the job description and may choose, at their discretion, to redirect a candidate to another job offering that is more appropriate. All employees must be eligible to obtain a U.S. Department of Defense security clearance. With few exceptions, this is restricted to U.S. citizens. Tocaro Blue LLC is not able to sponsor work visas nor permanent resident cards (""green cards""). If you need sponsorship, you will not be qualified for employment at Tocaro Blue. Flexible work from home options available."
"https://www.glassdoor.com/job-listing/software-developer-lmi-corporation-JV_IC1127655_KO0,18_KE19,34.htm?jl=1009110985770",Alabama,LMI Corporation,Fulltime,2,"BSc, BA","Madison, AL company seeking a Software Developer responsible for the development and continual improvement of end-user software and embedded software development.The optimal candidate will have experience in both embedded Linux software development and Windows application development. Daily responsibilities include a combination of bug fixes on existing end-user products, as well as new development on legacy products and new applications.We are a very small company with lots of opportunities in multiple software applications to design/architect and maintain as needed. All candidates must be able to multitask effectively. Ultimately, the role of the Software Developer is to build high-quality, innovative, and fully performing software that complies with coding standards and technical design.Responsibilities:Write well-designed, testable codeProduce specifications and determine operational feasibilityIntegrate software components into a fully functional software systemDocument and maintain software functionalityTroubleshoot, debug and upgrade existing systemsComply with project plans and industry standardsEnsure software is updated with the latest featuresRequired education and experience:BS degree in Computer Science, Engineering, or a relevant fieldAbility to work independently on tasksDesign, build, and maintain C and C++ code in Windows (Visual Studio) and LinuxUser Interface experience with emphasis on MFCEmbedded development experience (Basic Linux skills and the ability to use GCC, g++, etc.)Basic multi-threaded development (knowledge of various locks, mutexes, and how they are used)Visual Studio debugger for C++ environmentsProficiency in software engineering toolsProven work experience as a Software Engineer or Software DeveloperExperience designing interactive applicationsPreferred technology and application experience:Git version controlStatic and dynamic analysis utilities (Coverity, lint, Clang, Valgrind, etc.)GDB debuggingVirtual machines (VirtualBox or equivalent)Serial communication experience (UARTs, SPI, I2C, CAN Bus)Basic scripting knowledge (Python, BASH, Batch, VBScript)LMI Corporation provided the following inclusive hiring information:We are an equal opportunity employer and consider all qualified applicants equally without regard to race, color, religion, sex, sexual orientation, gender identity, national origin, veteran status, or disability status.Job Type: Full-timePay: $90,000.00 - $120,000.00 per yearBenefits:401(k) matchingDental insuranceHealth insuranceHealth savings accountLife insurancePaid time offProfessional development assistanceVision insuranceCompensation package:Yearly payExperience level:2 yearsSchedule:8 hour shiftMonday to FridayEducation:Bachelor's (Preferred)Experience:MFC framework: 4 years (Preferred)C: 5 years (Preferred)C++: 5 years (Preferred)Work Location: In person"
"https://www.glassdoor.com/job-listing/part-time-assistant-programmer-mobile-county-public-schools-JV_IC1127676_KO0,30_KE31,59.htm?jl=1009104169910",Alabama,Mobile County Public Schools,Parttime,3,,"***This is a Part-Time position. Individuals employed in this position will work 19.5 hours per week or less.***  The duties include but are not limited to: Assists in the development of new information technology solutions and modifying existing information technology solutions including data structures, language requirements, and user interfaces. Analyzes client datasets utilizing knowledge of SQL and MS Access. Evaluates the integrity of the data and converts databases into a format suitable for data mining. Consults with actuaries in evaluating the implications of the results. Assists in Research and Development efforts by assisting in the development and programming. Assists in the interface with clients to gather requirements and data. Assists the Programmers with establishing file requirements. Tests the operation of complete programs and prepare the logical interface between related programs. Assists in the development of Web Application. Assists in the design of automated portions of systems Administers, monitors, and/or modifies automated information system software and applications. Analyzes program specifications for completeness and conformance to standards. Assists others with program coding and test as needed. Performs any job-related task that is assigned by the Executive Manager of Technology that contributes to the effective operation of the Technology Division.   QUALIFICATIONS: Must be a college graduate from a regionally accredited four-year college or university in computer science.  Must be able to participate in multiple engagements and to interface often with senior management utilizing strong communication and analytical skills to deliver creative solutions.  Must have 3 years or more of experience performing data analysis.  Must have working knowledge of predictive modeling, relational databases, and computational data analysis.  Must have solid computer skills.  Must have working knowledge of SQL and MS Access.  Duty Days 260  Salary Range: From/To Beginning pay - $15.00/hour, not to exceed 19.5 hours per week.  Additional Job Information **Applicants selected for classified positions must undergo (or have undergone) an ABI/FBI criminal history background check (fingerprinting administered through sites selected and approved by the MCPSS and State of Alabama Education Department) and be declared suitable and fit to teach under state law. Applicants selected must also pass a drug-screening test via forms provided by Human Resources during the selection process.**   THE MOBILE COUNTY PUBLIC SCHOOL SYSTEM IS AN EQUAL OPPORTUNITY EMPLOYER.   Job Attachment  The State does not discriminate on the basis of age, race, color, sex, sexual orientation, religious preference, marital status, disability, national origin, or any other reason prohibited by state or federal law. Employees of the District are required to comply with the provisions of Title VII of the Civil Rights Act and Title IX of the 1972 Educational Amendments.  Alabama school boards are required by state law to verify the employment eligibility of newly hired employees by using the federal E-Verify program. New employees are required to provide a Social Security number, an unexpired identity document that contains a photograph, and other acceptable documents that establish employment eligibility. In addition to determining whether a new hire is authorized to work in the United States, E-Verify will confirm that the employee's name and Social Security number match. Use of any published data or content on this web site is prohibited without the written consent of the Alabama State Department of Education."
"https://www.glassdoor.com/job-listing/software-engineering-talent-community-l3harris-technologies-JV_IC1127653_KO0,37_KE38,59.htm?jl=1009037349683",Alabama,Element with the specified ID not found.,,not given,,Element with the specified ID not found.
"https://www.glassdoor.com/job-listing/software-engineer-ii-fis-global-JV_IC1127429_KO0,20_KE21,31.htm?jl=1009107656672",Alabama,FIS Global,Fulltime,not given,,"Position Type : Full time Type Of Hire : Experienced (relevant combo of work and education) Education Desired : Bachelor of Computer Engineering Travel Percentage : 0% Job Description About FIS Are you curious, motivated, and forward-thinking? At FIS you’ll have the opportunity to work on some of the most challenging and relevant issues in financial services and technology. Our talented people empower us, and we believe in being part of a team that is open, collaborative, entrepreneurial, passionate and above all fun. About the team You will be joining a small team of developers working in an Agile environment on a web-based product we license to our financial customers. We use scrum methodologies to rapidly deliver the features our customers demand so that they can be competitive in their markets. What you will be doing You will be a full stack developer working on a front-end web application that communicates to back-end APIs. You will be interacting with your team members and product management to deliver the features our customers require. Some of the tasks you will be doing include:Web based UI design.Creating and modifying APIs.Writing SQL queries.Creating and executing test cases. What you bringKnowledge of web-based design using JavaScript frameworks such as Angular.Familiarity with how relational databases work and best practices for developing/modifying database objects such as tables, indexes, and queries.Strong communication skills and the ability to implement ideas clearly and correctly.Ability to work with minimal supervision. Bonus if you have o Angular o Oracle Databases o TypeScript/JavaScript o C#, C++ o Microsoft Visual Studio o GIT Source Control What we offer youA competitive salary.A fantastic range of benefits designed to help support your lifestyle and wellbeing.Varied and challenging work to help you grow your technical skillset.  FIS is committed to providing its employees with an exciting career opportunity and competitive compensation. The pay range for this full-time position is $83,060.00 - $139,530.00 and reflects the minimum and maximum target for new hire salaries for this position based on the posted role, level, and location. Within the range, actual individual starting pay is determined additional factors, including job-related skills, experience, and relevant education or training. Any changes in work location will also impact actual individual starting pay. Please consult with your recruiter about the specific salary range for your preferred location during the hiring process. Privacy Statement FIS is committed to protecting the privacy and security of all personal information that we process in order to provide services to our clients. For specific information on how FIS protects personal information online, please see the Online Privacy Notice. EEOC Statement FIS is an equal opportunity employer. We evaluate qualified applicants without regard to race, color, religion, sex, sexual orientation, gender identity, marital status, genetic information, national origin, disability, veteran status, and other protected characteristics. The EEO is the Law poster is available here supplement document available here For positions located in the US, the following conditions apply. If you are made a conditional offer of employment, you will be required to undergo a drug test. ADA Disclaimer: In developing this job description care was taken to include all competencies needed to successfully perform in this position. However, for Americans with Disabilities Act (ADA) purposes, the essential functions of the job may or may not have been described for purposes of ADA reasonable accommodation. All reasonable accommodation requests will be reviewed and evaluated on a case-by-case basis. Sourcing Model Recruitment at FIS works primarily on a direct sourcing model; a relatively small portion of our hiring is through recruitment agencies. FIS does not accept resumes from recruitment agencies which are not on the preferred supplier list and is not responsible for any related fees for resumes submitted to job postings, our employees, or any other part of our company. #pridepass"
"https://www.glassdoor.com/job-listing/automation-machine-vision-engineer-management-recruiters-of-tallahassee-JV_IC1127412_KO0,34_KE35,71.htm?jl=1009086642636",Alabama,Management Recruiters of Tallahassee,,4,,"Our client, a specialized plastic manufacturer, is growing exponentially and is seeking an Automation/Machine Vision Engineer to support their programs, software, and hardware that performs inspections of their parts. With an extremely competitive compensation structure, this opportunity will not last long on the market.  For this role, you can reasonably expect to perform the following:   Program and System Management: Developing, managing, and modifying software programs for product inspection, and maintaining the vision system hardware. Troubleshooting and Maintenance: Regularly troubleshooting technical issues and performing maintenance, including hardware upgrades and replacements. Data Analysis and Process Improvement: Collecting and analyzing data to enhance the accuracy and efficiency of the inspection processes. Team Collaboration and Cross-Training: Collaborating with engineering peers, learning their roles for support, and sharing knowledge. Specialization and Adaptability: Focusing on vision systems with flexibility in the role title and openness to continuous learning, especially for fresh graduates.  Qualifications/Education/Special Skills   Minimum degree level of BS in Engineering. Minimum of 4 years of experience in machine vision and data collection systems. Minimum of 2 years of management experience. Advanced computer skills including Microsoft Office.  "
"https://www.glassdoor.com/job-listing/developer-sap-JV_IC1127429_KO0,9_KE10,13.htm?jl=1009063931457",Alabama,SAP,"Fulltime, Permanent",5,"Master, Bachelor's degree","Requisition ID: 383822 Work Area: Software-Design and Development Expected Travel: 0% Career Status: Professional Employment Type: Regular Full Time Career Level: T2 Additional Locations:  ORIGINAL POSTING DATE: November 10, 2023 Location: Newtown Square, PA Purpose and Objective: Callidus Software, Inc. seeks a Developer at our Newtown Square, PA location responsible for development focusing on design, coding, testing, and quality assurance of specific product features in a development team. Expectations and Tasks: Analyze and solve issues in existing and new code. Responsible for the design, implementation, and maintenance of modules or product features. Provide application implementation services typically within the boundaries of specifications and project plans. Design activities include requirements analysis and design documentation. Implementation activities include implementation, testing, and integration. Maintenance activities include error analysis and removal. Extend, modify, or adapt existing designs. May also be involved in the development of new (sub-)systems. Demonstrate full responsibility for accepted tasks and demonstrate a high level of quality, speed, reliability and efficiency. Work together with others and share expertise to ensure product success. Enhance skills beyond own core functional focus and works on other tasks for the benefit of the team. Utilize advanced product knowledge and share expertise within the team. Education and Qualifications/Skills and Competencies: Bachelor's degree or foreign equivalent in Computer Science, Engineering, Mathematics or a related field and 5 years of experience in the job offered or a related occupation. The Company will also accept a Master’s degree or foreign equivalent in Computer Science, Engineering, Mathematics or a related field and 2 years of experience in the job offered or a related occupation. Work Experience: Experience must involve 1 year in the following: Programming using Java, Java Database Connectivity (JDBC), and SQL;Web technologies including HTML, CSS, JavaScript, and jQuery;REST API Programming;Test Driven Development using JUNIT;Software methodologies including Agile Development;Software builds and operations using Tomcat, Jenkins, and Kubernetes; andApplication development using software design patterns. Travel: N/A. Telecommuting permitted. This position is eligible for the Employee Referral Program subject to the eligibility criteria outlined in the SAP Internal Employee Referral Policy. Internal use only: reference code lhrs4262 SAP:SAIL Compensation Range Transparency: The annual base salary for this position is $140,046. SAP believes the value of pay transparency contributes towards an honest and supportive culture and is a signiﬁcant step toward demonstrating SAP’s commitment to pay equity. SAP provides the annualized compensation range inclusive of base salary and variable incentive target for the career level applicable to the posted role. The targeted combined range for this position is $140,046 to $156,700. The actual amount to be oﬀered to the successful candidate will be within that range, dependent upon the key aspects of each case which may include education, skills, experience, scope of the role, location, etc. as determined through the selection process. Any SAP variable incentive includes a targeted dollar amount and any actual payout amount is dependent on company and personal performance. Please reference this link for a summary of SAP beneﬁts and eligibility requirements: SAP North America Benefits. SAP'S DIVERSITY COMMITMENT  To harness the power of innovation, SAP invests in the development of its diverse employees. We aspire to leverage the qualities and appreciate the unique competencies that each person brings to the company. SAP is committed to the principles of Equal Employment Opportunity and to providing reasonable accommodations to applicants with physical and/or mental disabilities. If you are in need of accommodation or special assistance to navigate our website or to complete your application, please send an e-mail with your request to Recruiting Operations Team: Careers@sap.com Successful candidates might be required to undergo a background verification with an external vendor. For SAP employees: Only permanent roles are eligible for the SAP Employee Referral Program, according to the eligibility rules set in the SAP Referral Policy"
"https://www.glassdoor.com/job-listing/software-engineer-lynker-corporation-JV_IC1127776_KO0,17_KE18,36.htm?jl=1009061002406",Alabama,Lynker Corporation,Flexible,2,BA,"Lynker is supporting the National Oceanic and Atmospheric Administration (NOAA) in providing comprehensive river and flood forecasts and warnings, for use by the public and emergency managers to protect life and property. This critical water intelligence also supports socio-economic decision-making for a sustained and enhanced economy. We are seeking an experienced Software Engineer / Java Developer to work on the team that provides integrated water prediction, forecasting the movement and presence of water throughout the nation in terms of quantity and availability, from the summit to sea, treetop to bedrock, with the appropriate timeliness, resolution, reliability, accuracy, and quantified uncertainty required to inform risk-based water resource management decisions. The ideal candidate will have extensive experience in developing high-performance, scalable and reliable applications using Java technologies. The Java Developer will work closely with the development team to design, develop, test and maintain software applications. The role will require excellent problem-solving skills, attention to detail, and the ability to work collaboratively in a team environment.   Duties of the Software Engineer / Java Developer will include the Following: Design, develop and maintain software applications using Java, C# and Python. Designs and codes software components, units, and modules that meet product specifications and development schedules. Tests and debugs assigned components and units, Participated in large system and subsystem planning. Write clean, maintainable and efficient code that meets software standards and guidelines. Participate in code reviews and provide constructive feedback to improve code quality. Mentor and train junior team members Assist in ""Research to Operations "" efforts, deploying the latest science in water prediction into a reliable operational environment. Assist computational scientists in bridging the gap between applied research and software engineering; supporting mathematical modeling, numerical analysis, algorithm development, analysis, validation, and visualization of results.  The Software Engineer / Java Developer selected should have the Following: Skilled at utilizing: GitHub, Docker, and Automation scripts Beneficial if skilled at utilizing: AWS environments, Community Development Languages: Java, Python. Experience with C#, and .NET is a plus Strong knowledge of Core Java, Spring Framework, Hibernate and Web Services (SOAP and REST) Experience with JavaScript, HTML and CSS is a plus Excellent problem-solving skills and attention to detail 2+ years of Unit testing and capable of developing test units Strong experience developing in a Linux/Unix environment Experience with Agile development methodologies is preferred  The Ideal Software Engineer / Java Developer will have the Following: 3 to 5 years of software engineering experience BS/BA in computer science or similar Analyzing development requirements Conduct application design Create and present design documents for review About Lynker Lynker is a growing, employee owned, small business, specializing in professional, scientific and technical services. Our continually expanding team combines scientific expertise with mature, results-driven processes and tools to achieve technically sound, cost effective solutions in hydrology/water sciences, geospatial analysis, information technology, resource management, conservation, and management and business process improvement. We focus on putting the right people in the right place to be effective. And having the right people is critical for success. Our streamlined organization enables and empowers our talented professionals to tackle our customers' scientific and technical priorities creatively and effectively. Lynker offers a team-oriented work environment, and the opportunity to work in a culture of exceptionally skilled and diverse professionals who embrace sound science and creative solutions. Lynker's benefits include the following: Comprehensive healthcare for the employee at no monthly cost Healthcare benefit covers medical, prescription drug, dental, and vision Personal Time Off (PTO) Policy plus paid holidays Highly competitive compensation plan regularly calibrated against industry and location benchmarks 401(k) retirement plan with company-matching Employee Stock Ownership Plan (ESOP) we're all company owners! Flexible spending accounts Employee assistance program (EAP) Short- and long-term disability insurance Life and accident insurance Tuition assistance/Training/Workforce improvement reimbursement per year Spot bonuses for exceptional performance Annual Employee Recognition Awards with bonuses Employee Referral Program Free centralized, self-directed Learning Management System to learn at your own pace Personalized career growth plans for every employee Lynker is an E-Verify employer. Lynker is proud to be an Equal Opportunity Employer and encourages women, minorities, individuals with disabilities and veterans to apply."
"https://www.glassdoor.com/job-listing/database-developer-lockheed-martin-JV_IC1127653_KO0,18_KE19,34.htm?jl=1009097333467",Alabama,Lockheed Martin,Fulltime,0,,"Database developer to support front end systems (as needed by developers across the organization, in support of web services, third party, or internal development needs) to the exclusion of reporting needs by other departments. Developed code includes but is not limited to PL/SQL in the form of Triggers, Procedures, Functions, & Materialized Views. Generates custom driven applications for intra-department use for business users in a rapid application development platform (primarily APEX). Responsible for functional testing and deployment of code through the development life cycle. Works with end-users to obtain business requirements. Responsible for developing, testing, improving, and maintaining new and existing processes to help users retrieve data effectively. Collaborates with administrators and business users to provide technical support and identify new requirements.  Responsibilities  Responsibilities: Design stable, reliable and effective database processes. Solve database usage issues and malfunctions. Gather user requirements and identify new features. Provide data management support to users. Ensure all database programs meet company and performance requirements. Research and suggest new database products, services, and protocols. Requirements and skills In-depth understanding of data management (e.g. permissions, security, and monitoring) Excellent analytical and organization skills An ability to understand front-end user requirements and a problem-solving attitude Excellent verbal and written communication skills Assumes responsibility for related duties as required or assigned. Stays informed regarding current computer technologies and relational database management systems with related business trends and developments. Consults with respective IT management in analyzing business functions and management needs and seeks new and more effective solutions. Seeks out new systems and software that reduces processing time and/or provides better information availability and decision-making capability. Job Type: Full-time Pay: From $115,000-128,000 yearly Expected hours: 40 per week Benefits: Dental insurance Health insurance Paid time off Vision insurance Paid time off (PTO) Various health insurance options & wellness plans Required Knowledge  Considerable knowledge of on-line and design of computer applications. Require Experience  One to three years of database development/administration experience. Skills/Abilities  Strong creative and analytical thinking skills. Well organized with strong project management skills. Good interpersonal and supervisory abilities. Ability to train and provide aid others."
"https://www.glassdoor.com/job-listing/associate-controls-software-engineer-pa-solutions-JV_IC1127428_KO0,36_KE37,49.htm?jl=1009082923664",Alabama,PA Solutions,Flexible,not given,,"Job Description Required Duties: The candidate must be able to work in a professional engineering team-based environment. Engineering teams are responsible for the design and integration of control systems for customer applications and processes. Duties may include and are not limited to PLC and HMI programming, network design, system commissioning, system support, internal/external training, and technical consultation. Areas of focus are controls standardization. Candidate Responsibilities / Must also possess the following traits: Logical thinker & problem solver Organized & detail oriented Strong verbal and written communication skills Self-motivated with “can do” mindset Strong leadership skills Team player with emphasis on team development Innovative regarding new processes and development aids Budget and deadline aware Must be willing to travel up to 70% Must be willing to work long hours on various shift models Specific Responsibilities: The following lists are general responsibilities that may vary from customer to customer. Developing standardize code & development tools, including: Creating PLC/HMI/Diagnostic Libraries (AOIs, FBs, UDT, Faceplates, etc.) Creating Quality Check Tools – used to validate standards were properly executed Creating Process for Standards deployment including input/outputs of deliverables and utilizing check-in/check-out and sign-off procedures to ensure Quality and Timing Milestones are met Secondary: Participate in Design Reviews and support customer meetings proactively Train team members on project standards as applicable Plan to execute work within budget, with exceptional quality (FTR), and on time Track and report metrics as required Forecast time/resources to complete remaining work Participate in continuous improvement initiatives and champion outcomes of the initiatives. Supervise activities of functionally assigned personnel, applying knowledge of automation concepts and procedures and production area knowledge Execute, supervise, and verify all works aligns to customer specifications and expectations. Apply special knowledge of automation, controls engineering, and robotics where applicable Travel to customer sites as necessary for the betterment of assigned team or to personally deliver optimal solutions Additional Information Technical Skills: PLC Programming Rockwell – Studio5000, RSLogix 5 Siemens – TIA Portal V15+, Step 7 HMI Design: Rockwell – RS/FT View ME/SE Siemens – TIA Portal Advanced, WinCC Flexible/SCADA Computer Programming: Experience in one or more of the following: Visual Basic, C++, C#, Java, Python, etc. General Networking - Ethernet troubleshooting and design of various hardware types and configurations Network Address Translation VLANs Various Network Topologies (Star, Linear, Ring…) Business Software - Produce documentation, calculations, and presentations Microsoft Office: Hardware Design: Understand electrical, pneumatic and water schematics and complete the integration of industrial automation systems Education and Experience: Bachelor’s degree in a controls related field (Electrical Engineering, Computer Engineering, Computer Science or equivalent) One to three plus years of applicable experience in an industrial environment that includes design, debug, startup, and production-readying of industrial controls equipment. Must have knowledge of multiple customer platforms. Experience must include complete knowledge of full project lifecycle HSE All employees have the responsibility to work in a safe manner and report any health, safety or environmental concern to their manager or supervisor in a timely manner. Employee responsibilities for Health, Safety and Environment include: Work in compliance with divisional health, safety and environmental procedures Refrain from removing or altering safety devices or guarding unless hazardous energies are controlled through lockout-tagout methods Report any unsafe conditions or unsafe acts Report defect in any equipment or protective device Ensure that the required protective equipment is used for the assigned tasks Attend all required health, safety and environmental training Report any accidents/incidents to supervisor Assist in investigating accidents/incidents Refrain from engaging in any prank, contest, feat of strength, unnecessary running or rough and boisterous conduct Join the Winning Team at PA Solutions, Inc. (a global division of ATS Automation). We help exceptional customers automate their manufacturing as Tooling System Integrators. We work with Global OEM's/Tier suppliers supporting transportation and aerospace industries. Take your place among the best in the business and grow your career with PA Solutions, Inc. Join an environment where a passion for innovation is combined with an uncompromised commitment to quality. PA Solutions, Inc. offers a superior benefits package designed with you in mind! If you would like to automate your future, check us out and be a part of our unprecedented growth! All qualified applicants will receive consideration for employment without regard to race, color, religion or belief, national, social or ethnic origin, sex (including pregnancy), age, physical, mental or sensory disability, HIV status, sexual orientation, gender identity and/or expression, marital, civil union or domestic partnership status, past or present military service, family medical history or genetic information, family or parental status, or any other status protected by the laws or regulations."
"https://www.glassdoor.com/job-listing/vision-and-perception-software-engineer-concordia-technologies-inc-JV_IC1127653_KO0,39_KE40,66.htm?jl=1009080946231",Alabama,Concordia Technologies Inc.,Fulltime,3,"Ph.D., Master, Bachelor's degree","Concordia Technologies is seeking a talented and versatile Robotics Software Engineers to join our team. You'll be at the forefront of developing innovative software solutions for next-generation robots and drones, shaping the future of intelligent automation.Responsibilities:Apply computer vision techniques for image recognition and object tracking.Develop algorithms for object detection, tracking, and pose estimation using monocular cameras.Implement algorithms for navigation, obstacle avoidance, perception, and decision-making.Integrate computer vision algorithms with control systems for real-time feedback.Design and execute hardware-in-the-loop (HIL) testing for validating software performance.Optimize software for efficient performance on ARM and NVIDIA platforms.Implement efficient algorithms for systems on drones and mobile robots.Leverage GPU capabilities for parallel processing and machine learning tasksCollaborate with hardware engineers, mechanical engineers, and other software engineers to ensure efficient integration of software and hardware.Qualifications:Only U.S. citizen with the ability to obtain a security clearance will be consider.One of the following:- Bachelor's degree in Computer Science, Robotics, or a related field with 3+ years of relevant experience in the robotics/drone industry.- Master's degree or Ph.D. in Robotics, Control Systems, Computer Vision, or relevant field with experience in applying your knowledge to real-world robotic or drone systems.3+ years of experience developing software for systems, especially autonomous platforms.Experience with computer vision libraries and image processing algorithms.Excellent problem-solving skills and a hands-on approach to engineering.Strong communication and collaboration skills.Bonus:Experience with NVIDIA Jetson platform programming and libraries like CUDA, TensorRT, and DeepStreamExperience with optical tracking systems and sensor fusion algorithms.Familiarity with machine learning and artificial intelligence techniques for on-device deployment on embedded platforms.Experience with drone (UAV) software development and flight control systems.Experience with robot software frameworks (e.g., ROS, ROS2, PX4) and robotics simulation platforms such as GazeboWhat we offer:The opportunity to work on cutting-edge robotics and drone projects with real-world impact.A collaborative and fast-paced work environment with passionate engineers.Competitive salary and benefits package.Continuous learning and growth opportunities.If you're ready to take your career to the next level and become a pioneer in the world of robotics, we encourage you to apply!Job Type: Full-timePay: $85,000.00 - $165,000.00 per yearBenefits:401(k)401(k) 5% MatchBereavement leaveDental insuranceDependent health insurance coverageDisability insuranceFamily leaveHealth insuranceLife insuranceMilitary leavePaid holidaysPaid jury dutyPaid time offParental leaveRetirement planTuition reimbursementVision insuranceCompensation package:Weekly payExperience level:3 yearsSchedule:8 hour shiftMonday to FridayAbility to Relocate:Huntsville, AL 35805: Relocate before starting work (Required)Work Location: In person"
"https://www.glassdoor.com/job-listing/senior-software-engineer-home-franchise-concepts-JV_IC1127429_KO0,24_KE25,48.htm?jl=1009102104420",Alabama,Home Franchise Concepts,Hybrid,6,,"About the Company  Home Franchise Concepts is one of the largest franchising systems in the home improvement goods and services space. The Company’s brands: Budget Blinds, Tailored Living, Premier Garage, AdvantaClean, Kitchen TuneUp, Bath Tuneup, Two Maids, Aussie Pet Mobile and Concrete Craft are consistently rated at the top of their categories and supported by more than 3,500 franchise territories in the U.S., Canada and Mexico.  Home Franchise Concepts is a subsidiary of JM Family Enterprises, a family-owned, professionally managed diversified automotive company. To diversify their portfolio, JM Family acquired Home Franchise Concepts in 2019 as their first non-automotive acquisition. The Company fit JM Family’s key investment criteria: asset-light with strong free cash flow characteristics and a track record of growth in an industry with long-term tailwinds. Since the acquisition, the Company has doubled the number of brands under management and is committed to continued, rapid profitable growth.  A few of the Company’s many Accolades and Awards  Entrepreneur’s Franchise 500 Entrepreneur’s Franchise 500 Best in Category Entrepreneur’s Top Low-Cost Franchise Entrepreneur’s Top New & Emerging Franchises Entrepreneur’s Top Home-based Franchises Entrepreneur’s Top 100 Global Franchises   Home Franchise Concepts is looking for a Senior Software Engineer to drive development of our franchisee and customer-facing software systems, apps, and websites, to help deliver on the promise of great service in the home services industry. Experience with full-stack development technologies, database systems and operating practices and principles will be critical to success. Our candidate’s success will also be based on an ability to understand complex problems, conceptualize effective solutions, and communicate effectively at all levels.   Essential Job Functions:  Deliver ongoing feature development and maintenance of operator and customer-facing systems Assist with applying frameworks and practices like Agile, DevOps, code reviews, and testing best practices Provide effort estimation and task decomposition for roadmap and backlog development tasks Work closely with business teams and IT resources to enable new business solutions through technology systems Develop software architectural specifications that will deliver efficient, scalable, and reliable business solutions Design and develop software applications, including coding, debugging, testing, and troubleshooting Comprehend and develop against complex technical and business concepts Design, develop, implement, and maintain builds, scripts, installation procedures, and source control Design, develop, manage, and maintain relational databases in PostgreSQL and MS SQL Server Manage database backups, capacity planning, performance tuning, and user access Provide guidance and mentorship for our IT team, and direct vendors and vendor resources Seek out and identify areas for improvement for the team and technology  Analyze application performance in a variety of environments, design and implement optimizations   Skill Requirements:  Proficient in multiple software development languages including, Python, Bootstrap, Django, React, React Native, Next. JS, Docker, and the like Previous experience leading software development teams using agile methodologies Experienced with modern continuous integration practices   Qualifications:  6 years experience in development teams and environments Strong business, analytical, and problem solving skills Efficient and effective documentation skills Fundamental analytical and conceptual thinking skills Comfortable expressing ideas, plans, and concepts in front of leadership, team members, and small or large groups of franchisee owners  #LI-Hybrid  #HP2023  To perform this job successfully, an individual must be able to perform each essential job function satisfactorily. The requirements listed above are representative of the knowledge, skill, and/or ability required. Reasonable accommodations may be made to enable individuals with disabilities to perform the essential functions."
"https://www.glassdoor.com/job-listing/software-application-developer-offset-strategic-services-llc-JV_IC1127653_KO0,30_KE31,60.htm?jl=1009102074727",Alabama,"Offset Strategic Services, LLC",Fulltime,4,MA,"OSS is a Service Disabled Veteran Owned Small Business headquartered in Huntsville, AL. We are focused on ""Making a Difference"" in the lives of our Department of Defense Customers, Communities, and Employees. Our greatest strength is our people. We expect competence and character and look for uniquely skilled and passionate individuals bound by a collective vision to bring their best to our mission. OSS believes in taking great care of our employees, evidenced by our exemplary benefits package: OSS covers 75% of the monthly insurance cost towards employee Health Insurance, we offer multiple Principal product options, and we have a fantastic 401k plan match with eligibility to start immediately upon hire. If you are interested in an opportunity to join a great mission, supporting awesome customers with a growing company, please reach out to us to learn more!OSS is seeking a talented software application developer that is excited about learning new technologies, and is both a team player and capable of leading full lifecycle application development efforts. The initial focus will be implementing enhancements to an existing application utilizing C#, and we anticipate on-going new requirements and new development opportunities for this position going forward. This is position currently allows for 2 days/week telework and 3 days/week on-site for one of our valued government customers. You must have excellent communication and documentation skills, and thrive in a fast-paced environment. Our primary objective is to provide our customers with outstanding support and dedication to help them fulfill their mission.Requirements:4+ years' experience developing applications utilizing C# or C++Bachelors Degree in Computer Science, Management Information Systems, or related fieldAbility to attain Secret Security Clearance (required before starting)Skilled in user interface development and data visualizationSelf-starter that looks for the next priority task to work once the task at hand is accomplishedAbility to keep stakeholders informed of project timelines and changesExcellent organizational, time-management, and verbal/written communication skillsEnjoys and excels working in a team environmentPreferred:CompTIA Security+ certification (or equivalent)Experience working with NI LabView and/or MATLABExperience in translating informal customer requirements into technical requirements, to include business process mapping, interface design, business rules, and database design.Advanced proficiency in Microsoft ExcelSecurity Clearance is required - therefore, only US citizens can be considered.Offset Strategic Services, Inc. is an Equal Opportunity employer. We prohibit discrimination and harassment of any type. All applicants will be considered for employment without regard to race, color, age, religion, sex, sexual orientation, genetics, gender identity, national origin, protected veteran or disability status or any other characteristic protected by federal, state or local laws. This policy applies to all terms and conditions of employment, including recruitment, hiring, placement, promotion, termination, layoff, recall, transfer, and compensation. We are committed to providing access, equal opportunity and reasonable accommodation for individuals with disabilities. To request a reasonable accommodation, please email us from our website contact link.ExperienceRequired4 or more years of experienceSkillsPreferredC++BehaviorsPreferredDetail Oriented: Capable of carrying out a given task with all details necessary to get the task done wellTeam Player: Works well as a member of a groupEnthusiastic: Shows intense and eager enjoyment and interestEqual Opportunity Employer/Protected Veterans/Individuals with DisabilitiesThe contractor will not discharge or in any other manner discriminate against employees or applicants because they have inquired about, discussed, or disclosed their own pay or the pay of another employee or applicant. However, employees who have access to the compensation information of other employees or applicants as a part of their essential job functions cannot disclose the pay of other employees or applicants to individuals who do not otherwise have access to compensation information, unless the disclosure is (a) in response to a formal complaint or charge, (b) in furtherance of an investigation, proceeding, hearing, or action, including an investigation conducted by the employer, or (c) consistent with the contractor’s legal duty to furnish information. 41 CFR 60-1.35(c)Job Type: Full-time"
"https://www.glassdoor.com/job-listing/software-developer-ii-ent-university-of-alabama-at-birmingham-JV_IC1127429_KO0,25_KE26,61.htm?jl=1009104949685",Alabama,University of Alabama at Birmingham,Hybrid,not given,Bachelor's degree,"Description FOR USE BY IT AND HSIS ONLY: The University of Alabama at Birmingham (UAB) seeks a SOFTWARE DEVELOPER II-ENT to develop, code, test, and debug new software or enhancements to existing software for their party customers. To work with technical staff to understand problems with software and resolve them. To resolve customer complaints with software and responds to suggestions for improvements and enhancements from third party customers. To assist in development of software user manuals. To demonstrates software to customers. This position will commit to fostering an environment of heightened security following Information Technology Security Policies and participating in security training, such as Health Insurance Portability & Accountability Act (HIPAA) and Family Education Rights and Privacy Act (FERPA), on an annual basis.  Responsibilities for this position include, but are not limited to the following: Develop C# .NET applications Support vendor applications Create and maintain PBRS reports Additional adhoc Research Support projects  (Annual Salary: $67,070 - $108,990)  Qualifications Bachelor's degree in Information Systems or a related field and two (2) years of related experience required. Work experience may substitute for education requirement. In general, three (3) years of work experience or training in the field is considered as equivalent to one (1) year of college.  Preferred skills: C# Broad troubleshooting skills SQL scripting skills Advanced development experience Strong communication skills Team player and self starter  Primary Location: University Job Category: Information Technology Organization: 191401000 Enterprise Applications Employee Status: Regular Shift: Day/1st Shift Work Arrangement (final schedule to be determined by the department/hiring manager): Hybrid Eligible"
"https://www.glassdoor.com/job-listing/software-developer-motion-JV_IC1127429_KO0,18_KE19,25.htm?jl=1009112913688",Alabama,Motion,,not given,MA,"SUMMARY The Software Developer develops information systems by designing, developing, and installing software solutions. This position improves operations by conducting systems analysis and recommending changes in policies and procedures. JOB DUTIES Designs and constructs moderately complex interfaces between ERP and legacy systems. Uses back-end programming languages, as well as front-end script languages to optimize performance, scalability, and security. Codes programming logic for new or existing solutions software or applications in accordance to design specifications put in place by senior software development staff and leadership. Handles installation, configuration, development, workflow design, monitoring, and/or upgrade of assigned software products. Monitors quality and performance of applications through testing and maintenance. Maintains up-to-date records of issues with existing code. Suggests viable solutions to resolve issues with existing software. Performs other assigned duties.  EDUCATION & EXPERIENCE Typically requires a bachelor’s degree in computer science, software engineering, or a related field Three (3) to five (5) years of back-end programing languages (ASP Java, Perl, C++, etc.) and front-end scripting languages (HTML5, JavaScript, CSS) or an equivalent combination.  KNOWLEDGE, SKILLS, ABILITIES Manages multiple tasks simultaneously while meeting deadlines. Possess the latest knowledge on new technology and computer systems. Communicates complex procedures to other colleagues. Understands the latest trends and their role in a commercial environment. Pays close attention to detail and desires to probe further into data.  PHYSICAL DEMANDS: LICENSES & CERTIFICATIONS: None required.  SUPERVISORY RESPONSIBILITY: No Supervisory Responsibility  BUDGET RESPONSIBILITY: No  COMPANY INFORMATION: Motion Industries offers an excellent benefits package which includes options for healthcare coverage, 401(k), tuition reimbursement, vacation, sick, and holiday pay. Not the right fit? Let us know you're interested in a future opportunity by joining our Talent Community on jobs.genpt.com or create an account to set up email alerts as new job postings become available that meet your interest! GPC conducts its business without regard to sex, race, creed, color, religion, marital status, national origin, citizenship status, age, pregnancy, sexual orientation, gender identity or expression, genetic information, disability, military status, status as a veteran, or any other protected characteristic. GPC's policy is to recruit, hire, train, promote, assign, transfer and terminate employees based on their own ability, achievement, experience and conduct and other legitimate business reasons."
"https://www.glassdoor.com/job-listing/entry-level-c-unix-developer-gainwell-technologies-llc-JV_KO0,28_KE29,54.htm?jl=1009055139152",Alabama,Gainwell Technologies LLC,"Fulltime, Flexible, Remote",not given,BA,"Be part of a team that unleashes the power of leading-edge technologies to help improve the health and well-being of those most vulnerable in our country and communities. Working at Gainwell carries its rewards. You’ll have an incredible opportunity to grow your career in a company that values work flexibility, learning, and career development. You’ll add to your technical credentials and certifications while enjoying a generous, flexible vacation policy and educational assistance. We also have comprehensive leadership and technical development academies to help build your skills and capabilities. Summary As an Entry Level C/UNIX Developer at Gainwell, you can contribute your skills as we harness the power of technology to help our clients improve the health and well-being of the members they serve — a community’s most vulnerable. Connect your passion with purpose, teaming with people who thrive on finding innovative solutions to some of healthcare’s biggest challenges. Here are the details on this position. Your role in our mission Innovation begins with design and leads to solutions that help our clients deliver better health and human services outcomes. In this position you will: Support application development of Medicaid Payer Systems including design, development, and testing. Able to create highly complex design documents and translate them into component-level designs to accelerate development. Develops strategy, design and data gathering approaches. Leads development team efforts to provide flexible reusable components to increase cost effectiveness. Analyzes, designs, and reviews design of applications and suites of applications to ensure that customer specifications are satisfied. Utilizes experience in development methodologies, coding documentation, testing methodology and industry standards to define and develop project requirements, functional specifications, and detailed design of application solutions for clients. Participates in code reviews Develops and executes test plans for Unit Testing and Performance Testing Applies Gainwell and 3rd party technologies to software solutions of moderate to advanced complexity. Follows the defined systems development life cycle processes and local procedures What we're looking for 0-3 Years - Programming with C (Pro C; C++) language 0-3 Years – Unix/Linux 0-3 Years - SQL experience and basic understanding of Oracle and/or other databases 0-3 Years - Documenting and executing unit test cases What you should expect in this role Opportunities to travel through your work (0-10%) Fully remote opportunity with the option to work anywhere within the United States Competency1 Understanding of modern software design and development methodologies Understanding of testing tools and unit test scripting and testing methodologies. Understanding of quality and security standards. Strong written and verbal communication skills, able to work with and support remote workers Able to communicate design and function internally and with external clients Self-motivated problem solver who actively participates in solution development. Follows the defined systems development life cycle processes and local procedures Competency2 Ability to work with Technical Team, BAs, and PMs to understand the big picture of the project as well as understand the requirements and how we are delivering to them Ability to handle multiple tasks simultaneously and switch between tasks quickly Ability to work independently and as part of a team The pay range for this position is $43,500.00 - $62,200.00 per year, however, the base pay offered may vary depending on geographic region, internal equity, job-related knowledge, skills, and experience among other factors. Put your passion to work at Gainwell. You’ll have the opportunity to grow your career in a company that values work flexibility, learning, and career development. All salaried, full-time candidates are eligible for our generous, flexible vacation policy, a 401(k) employer match, comprehensive health benefits, and educational assistance. We also have a variety of leadership and technical development academies to help build your skills and capabilities. We believe nothing is impossible when you bring together people who care deeply about making healthcare work better for everyone. Build your career with Gainwell, an industry leader. You’ll be joining a company where collaboration, innovation, and inclusion fuel our growth. Learn more about Gainwell at our company website and visit our Careers site for all available job role openings. Gainwell Technologies is committed to a diverse, equitable, and inclusive workplace. We are proud to be an Equal Opportunity Employer, where all qualified applicants will receive consideration for employment without regard to race, religion, color, national origin, gender (including pregnancy, childbirth, or related medical condition), sexual orientation, gender identity, gender expression, age, status as a protected veteran, status as an individual with a disability, or other applicable legally protected characteristics. We celebrate diversity and are dedicated to creating an inclusive environment for all employees."
"https://www.glassdoor.com/job-listing/computer-programmer-jacksonville-state-university-JV_IC1127406_KO0,19_KE20,49.htm?jl=1009028468388",Alabama,Jacksonville State University,"Fulltime, Flexible",not given,,"Job no: 496699 Work type: Full Time Location: Jacksonville (Main Campus) Categories: Staff  Department:  Enterprise Information Systems  Normal Work Schedule:  8:00 am – 4:30 pm Monday-Friday, some evenings and weekends required  Anticipated Start Date:  February 1, 2024  Salary: $45,553.00 - $56,650.00  Job Summary:  The Computer Programmer develops applications, SQL queries, PL/SQL program units and reports, and the integration of such structures with existing stored RDBMS packages, procedures and functions. Provides University-wide support for reporting and maintaining of student, financial aid, human resources, financial, and prospective student data within the existing stored RDBMS and other supporting systems. The Computer Programmer participates in the systems design process, and accepts assigned responsibility for projects, which may include maintenance, major modifications or development of systems based on user requirements.  Duties and Responsibilities:  Complies with request for programming services by formulating, in conjunction with the requesting user and a systems analyst, a general plan for the request. Provides for the maintainability of computer programs by creating program documentation and run instructions. Promotes the uniformity of the programming effort by contributing to and adhering to the department’s standard and guidelines. Maintains competency and professional currency through self-directed professional reading, developing professional contacts with colleagues, attending professional development courses, and attending training and/or courses required by the Director. Does minor editing and grammar correction, and ensures uniformity of style. Extracts data from a relational database such as Oracle for reporting, statistics, and other manipulation. Provides 24/7 technical support for applications and services including Banner and Argos. Supports the Banner workflow. Manages/modifies Tapeload processes in Banner such as ACT/AP/EPP Test Uploads and the associated data layout for electronic score reports. Writes queries when needed. Speaks and listens to others, both in person and over the telephone. Performs other job duties as assigned.  Required Minimum Qualifications:  Bachelor’s degree in Computer Science or related field or Experience using database software, particularly Oracle and SQL Server  Required Documents:  Cover Letter Resume Unofficial Transcripts (official transcripts required upon hire)  Employee Benefits:  JSU strives to provide great quality of life to our employees through an attractive, competitive benefits package for our full-time faculty and staff. These benefits enhance your salary as a JSU employee and are part of your total compensation package. Benefits include:  Retirement Plans Alabama Teacher’s Retirement System (TRS) RSA-1 Deferred Compensation 403-B Retirement Annuity (TIAA) Health Insurance Medical (PEEHIP) Optional plans: vision, dental, flexible spending plan, dependent care, cancer and hospital indemnity Long-term disability and life insurance Tuition assistance Paid and unpaid leave Employee Assistance Program Prescription assistance  For additional information regarding benefits, please visit our website.  Clery Notice: In compliance with the Jeanne Clery Disclosure of Campus Security Policy and Crime Statistics Act, https://www.clerycenter.org/the-clery-act the Jacksonville State University Police provide information on crimes statistics, crime prevention, law enforcement, crime reporting, and other related issues for the past three calendar years. The JSU Annual Campus Security and Fire Report is available online at: http://jsu.edu/police/docs/CleryAnnualReport.pdf  Equal Employment Opportunity: JSU is an Equal Employment, Equal Opportunity, and Affirmative Action Employer. All qualified applicants will receive consideration for employment without regard to race, color, religion, sex, sexual orientation, age, genetic information, national origin, disability status, protected veteran status, or any other characteristic protected by law.  Advertised: Dec 13 2023 Central Standard Time Applications close: Back to search results Apply now Refer a friend"
