URL,Location
"https://www.glassdoor.com/job-listing/jr-software-engineer-yulista-management-services-JV_KO0,20_KE21,48.htm?jl=1008931486756",Alabama
"https://www.glassdoor.com/job-listing/electronics-engineer-hardware-and-software-early-to-mid-career-lockheed-martin-corporation-JV_KO0,62_KE63,90.htm?jl=1008915471045",Alabama
"https://www.glassdoor.com/job-listing/software-engineer-lockheed-martin-corporation-JV_KO0,17_KE18,45.htm?jl=1008915469826",Alabama
"https://www.glassdoor.com/job-listing/sr-software-engineer-l3harris-technologies-JV_KO0,20_KE21,42.htm?jl=1008911810793",Alabama
"https://www.glassdoor.com/job-listing/entry-level-software-engineer-torch-technologies-inc-JV_KO0,29_KE30,52.htm?jl=1008906887889",Alabama
"https://www.glassdoor.com/job-listing/software-engineer-proofpoint-JV_KO0,17_KE18,28.htm?jl=1008880642112",Alabama
"https://www.glassdoor.com/job-listing/software-engineer-regions-JV_KO0,17_KE18,25.htm?jl=1008921471521",Alabama
"https://www.glassdoor.com/job-listing/software-engineering-manager-moultrie-mobile-pradco-outdoor-brands-JV_KO0,44_KE45,66.htm?jl=1008908365242",Alabama
"https://www.glassdoor.com/job-listing/senior-software-engineer-pradco-outdoor-brands-JV_KO0,24_KE25,46.htm?jl=1008931536857",Alabama
"https://www.glassdoor.com/job-listing/software-engineer-junior-to-mid-level-dynetics-JV_KO0,37_KE38,46.htm?jl=1008864154602",Alabama
"https://www.glassdoor.com/job-listing/software-test-engineer-barrios-technology-JV_KO0,22_KE23,41.htm?jl=1008662909003",Alabama
"https://www.glassdoor.com/job-listing/associate-sw-engineer-software-engineer-aht-northrop-grumman-JV_KO0,43_KE44,60.htm?jl=1008929038727",Alabama
"https://www.glassdoor.com/job-listing/web-applications-programmer-2051-advanced-systems-design-JV_KO0,32_KE33,56.htm?jl=1008933014122",Alabama
"https://www.glassdoor.com/job-listing/mid-level-software-engineer-e4-technology-JV_KO0,27_KE28,41.htm?jl=1006860143449",Alabama
"https://www.glassdoor.com/job-listing/software-engineer-huntsville-al-sentinel-davidson-technologies-inc-JV_KO0,40_KE41,66.htm?jl=1008933143623",Alabama
"https://www.glassdoor.com/job-listing/software-integration-engineer-jacobs-JV_KO0,29_KE30,36.htm?jl=1008925861487",Alabama
"https://www.glassdoor.com/job-listing/2023-software-engineer-for-artificial-intelligence-applications-1st-edge-JV_KO0,63_KE64,72.htm?jl=1008931550819",Alabama
"https://www.glassdoor.com/job-listing/software-engineering-co-op-spring-summer-2024-on-site-collins-aerospace-JV_KO0,53_KE54,71.htm?jl=1008854293583",Alabama
"https://www.glassdoor.com/job-listing/software-engineer-2-contract-boeing-JV_KO0,28_KE29,35.htm?jl=1008843490912",Alabama
"https://www.glassdoor.com/job-listing/software-engineer-cimarron-software-JV_KO0,17_KE18,35.htm?jl=1008909532058",Alabama
"https://www.glassdoor.com/job-listing/sr-software-engineer-jacobs-JV_KO0,20_KE21,27.htm?jl=1008896683760",Alabama
"https://www.glassdoor.com/job-listing/software-engineer-na-oiwi-kane-JV_KO0,17_KE18,30.htm?jl=1008933571018",Alabama
"https://www.glassdoor.com/job-listing/software-engineer-ai-signal-research-inc-asri-JV_KO0,17_KE18,45.htm?jl=1008907790399",Alabama
"https://www.glassdoor.com/job-listing/software-engineers-sahbi-systems-JV_KO0,18_KE19,32.htm?jl=1008810053011",Alabama
"https://www.glassdoor.com/job-listing/software-engineer-rocketvox-JV_KO0,17_KE18,27.htm?jl=1008829032777",Alabama
"https://www.glassdoor.com/job-listing/database-and-software-engineer-kbr-JV_KO0,30_KE31,34.htm?jl=1008755120954",Alabama
"https://www.glassdoor.com/job-listing/software-engineer-3-boecore-JV_KO0,19_KE20,27.htm?jl=1008794154544",Alabama
"https://www.glassdoor.com/job-listing/junior-software-test-engineer-penta-research-JV_KO0,29_KE30,44.htm?jl=1008890082529",Alabama
"https://www.glassdoor.com/job-listing/entry-level-software-engineer-4m-research-inc-JV_KO0,29_KE30,45.htm?jl=1008895295926",Alabama
"https://www.glassdoor.com/job-listing/mid-level-web-developer-radiance-technologies-JV_KO0,23_KE24,45.htm?jl=1008931557994",Alabama
"https://www.glassdoor.com/job-listing/software-developer-circuit-simulation-remote-JV_KO0,44.htm?jl=1008681752040",Alabama
"https://www.glassdoor.com/job-listing/software-test-engineer-et-4-tgad-oasis-systems-llc-JV_KO0,32_KE33,50.htm?jl=1008882873979",Alabama
"https://www.glassdoor.com/job-listing/software-engineer-crm-neptune-JV_KO0,21_KE22,29.htm?jl=1008703892340",Alabama
"https://www.glassdoor.com/job-listing/software-engineer-crm-neptune-technology-group-inc-JV_KO0,21_KE22,50.htm?jl=1008703825626",Alabama
"https://www.glassdoor.com/job-listing/software-developers-junior-positions-gps-it-solutions-JV_KO0,36_KE37,53.htm?jl=1005685503346",Alabama
"https://www.glassdoor.com/job-listing/junior-level-software-engineer-e4-technology-JV_KO0,30_KE31,44.htm?jl=1006860143465",Alabama
"https://www.glassdoor.com/job-listing/software-engineer-iii-children-s-of-alabama-JV_KO0,21_KE22,43.htm?jl=1007315089844",Alabama
"https://www.glassdoor.com/job-listing/software-engineer-us-dropsuite-JV_KO0,20_KE21,30.htm?jl=1008676459891",Alabama
"https://www.glassdoor.com/job-listing/jr-mid-software-engineer-davidson-technologies-inc-JV_KO0,24_KE25,50.htm?jl=1008752802607",Alabama
"https://www.glassdoor.com/job-listing/software-requirements-engineer-tuskegee-university-JV_KO0,30_KE31,50.htm?jl=1008840661398",Alabama
"https://www.glassdoor.com/job-listing/retrofit-solutions-engineer-sr-engineer-airbus-JV_KO0,39_KE40,46.htm?jl=1008929022616",Alabama
"https://www.glassdoor.com/job-listing/software-developer-full-stack-issac-llc-JV_KO0,29_KE30,39.htm?jl=1008910524767",Alabama
"https://www.glassdoor.com/job-listing/software-engineer-xant√©-corporation-JV_KO0,17_KE18,35.htm?jl=1007717994721",Alabama
"https://www.glassdoor.com/job-listing/frontend-software-engineer-saic-JV_KO0,26_KE27,31.htm?jl=1008908531358",Alabama
"https://www.glassdoor.com/job-listing/user-interface-software-engineer-polaris-sensor-technologies-JV_KO0,32_KE33,60.htm?jl=1008093227906",Alabama
"https://www.glassdoor.com/job-listing/software-developer-asrc-federal-holding-company-JV_KO0,18_KE19,47.htm?jl=1008929092400",Alabama
"https://www.glassdoor.com/job-listing/software-engineer-ii-onsite-brasfield-and-gorrie-llc-JV_KO0,27_KE28,52.htm?jl=1008775678240",Alabama
"https://www.glassdoor.com/job-listing/software-simulation-engineer-applied-analytical-solutions-JV_KO0,28_KE29,57.htm?jl=1006238605365",Alabama
"https://www.glassdoor.com/job-listing/software-engineer-3-fullstack-blackstone-technology-group-JV_KO0,29_KE30,57.htm?jl=1008839790022",Alabama
"https://www.glassdoor.com/job-listing/full-stack-developer-interclypse-inc-JV_KO0,20_KE21,36.htm?jl=1008931710804",Alabama
"https://www.glassdoor.com/job-listing/software-test-engineer-et-4-tgad-erc-JV_KO0,32_KE33,36.htm?jl=1008882873654",Alabama
"https://www.glassdoor.com/job-listing/software-quality-assurance-engineer-a-i-solutions-inc-JV_KO0,35_KE36,53.htm?jl=1008880030728",Alabama
"https://www.glassdoor.com/job-listing/principal-software-development-analyst-c2bmc-23-692-northrop-grumman-JV_KO0,51_KE52,68.htm?jl=1008931823041",Alabama
"https://www.glassdoor.com/job-listing/software-engineer-gan-JV_KO0,17_KE18,21.htm?jl=1008725545645",Alabama
"https://www.glassdoor.com/job-listing/software-engineer-parry-labs-JV_KO0,17_KE18,28.htm?jl=1008898134995",Alabama
"https://www.glassdoor.com/job-listing/computer-engineer-direct-hire-us-internal-revenue-service-JV_KO0,29_KE30,57.htm?jl=1008383001445",Alabama
"https://www.glassdoor.com/job-listing/software-integration-engineer-modern-technology-solutions-inc-JV_KO0,29_KE30,61.htm?jl=1008896843813",Alabama
"https://www.glassdoor.com/job-listing/upgrades-operations-engineer-contract-airbus-JV_KO0,37_KE38,44.htm?jl=1008910624445",Alabama
"https://www.glassdoor.com/job-listing/software-test-engineer-parry-labs-JV_KO0,22_KE23,33.htm?jl=1008883449417",Alabama
"https://www.glassdoor.com/job-listing/system-software-developer-management-data-JV_KO0,25_KE26,41.htm?jl=1008082747506",Alabama
