URL,Location,Company
"https://www.glassdoor.com/job-listing/web-developer-html-javascript-web-templates-online-commerce-group-ocg-JV_IC1127704_KO0,43_KE44,69.htm?jl=1009075018370",Alabama,
"https://www.glassdoor.com/job-listing/entry-level-software-engineer-c-integration-innovation-inc-JV_IC1127653_KO0,31_KE32,58.htm?jl=1009097751787",Alabama,
"https://www.glassdoor.com/job-listing/gmd-weapons-system-gws-gni-cyber-devsecops-software-engineer-lockheed-martin-corporation-JV_IC1127653_KO0,60_KE61,88.htm?jl=1009104957092",Alabama,
"https://www.glassdoor.com/job-listing/software-engineer-rust-leidos-JV_IC1127676_KO0,22_KE23,29.htm?jl=1009111267253",Alabama,
"https://www.glassdoor.com/job-listing/software-test-engineer-barrios-technology-JV_IC1127653_KO0,22_KE23,41.htm?jl=1009060888955",Alabama,
"https://www.glassdoor.com/job-listing/entry-level-software-engineer-torch-technologies-inc-JV_IC1127653_KO0,29_KE30,52.htm?jl=1009059833616",Alabama,
"https://www.glassdoor.com/job-listing/software-application-developer-offset-strategic-services-llc-JV_IC1127653_KO0,30_KE31,60.htm?jl=1009102074727",Alabama,
"https://www.glassdoor.com/job-listing/mid-level-software-engineer-e4-technology-JV_IC1127653_KO0,27_KE28,41.htm?jl=1006860143449",Alabama,
"https://www.glassdoor.com/job-listing/software-quality-assurance-engineer-ai-solutions-inc-JV_IC1127653_KO0,35_KE36,52.htm?jl=1008880030728",Alabama,
"https://www.glassdoor.com/job-listing/junior-level-software-engineer-e4-technology-JV_IC1127653_KO0,30_KE31,44.htm?jl=1006860143465",Alabama,
"https://www.glassdoor.com/job-listing/senior-software-engineer-intuitive-research-and-technology-corporation-JV_IC1127653_KO0,24_KE25,70.htm?jl=1009111404079",Alabama,
"https://www.glassdoor.com/job-listing/software-engineer-rocketvox-JV_IC1127429_KO0,17_KE18,27.htm?jl=1008994714712",Alabama,
"https://www.glassdoor.com/job-listing/software-simulation-engineer-applied-analytical-solutions-JV_IC1127653_KO0,28_KE29,57.htm?jl=1006238605365",Alabama,
"https://www.glassdoor.com/job-listing/software-developers-junior-positions-gps-it-solutions-JV_IC1127776_KO0,36_KE37,53.htm?jl=1005685503346",Alabama,
"https://www.glassdoor.com/job-listing/associate-controls-software-engineer-pa-solutions-JV_IC1127428_KO0,36_KE37,49.htm?jl=1009082923664",Alabama,
"https://www.glassdoor.com/job-listing/php-programmer-mysql-and-object-oriented-code-development-online-commerce-group-ocg-JV_IC1127704_KO0,57_KE58,83.htm?jl=1009075018508",Alabama,
"https://www.glassdoor.com/job-listing/software-engineer-ai-signal-research-inc-asri-JV_IC1127653_KO0,17_KE18,45.htm?jl=1009055500340",Alabama,
"https://www.glassdoor.com/job-listing/software-engineer-ai-signal-research-inc-asri-JV_IC1127653_KO0,17_KE18,45.htm?jl=1009045658694",Alabama,
"https://www.glassdoor.com/job-listing/senior-software-engineer-c-integration-innovation-inc-JV_IC1127653_KO0,26_KE27,53.htm?jl=1009097751790",Alabama,
"https://www.glassdoor.com/job-listing/software-engineer-2-contract-boeing-JV_IC1127655_KO0,28_KE29,35.htm?jl=1008843490912",Alabama,
"https://www.glassdoor.com/job-listing/tier-1-end-user-support-engineer-remote-hybrid-birmingham-al-area-magna5-ms-llc-JV_IC1127429_KO0,65_KE66,79.htm?jl=1009060607921",Alabama,
"https://www.glassdoor.com/job-listing/junior-software-engineer-ierus-technologies-inc-JV_IC1127653_KO0,24_KE25,47.htm?jl=1008981660803",Alabama,
"https://www.glassdoor.com/job-listing/principal-software-engineer-bae-systems-JV_IC1127653_KO0,27_KE28,39.htm?jl=1009086385042",Alabama,
"https://www.glassdoor.com/job-listing/sls-exploration-upper-stage-avionics-software-subsystem-lead-engineer-boeing-JV_IC1127653_KO0,69_KE70,76.htm?jl=1009037716779",Alabama,
"https://www.glassdoor.com/job-listing/software-engineer-ii-bae-systems-JV_IC1127653_KO0,20_KE21,32.htm?jl=1009086385040",Alabama,
"https://www.glassdoor.com/job-listing/integrated-vehicle-health-management-and-automation-systems-engineer-location-huntsville-al-tuskegee-university-JV_IC1127783_KO0,91_KE92,111.htm?jl=1009107415501",Alabama,
"https://www.glassdoor.com/job-listing/software-engineer-manufacturing-test-leidos-JV_IC1127653_KO0,36_KE37,43.htm?jl=1009104750565",Alabama,
"https://www.glassdoor.com/job-listing/software-engineer-tools-team-boeing-intelligence-analytics-JV_IC1127653_KO0,28_KE29,58.htm?jl=1009079005414",Alabama,
"https://www.glassdoor.com/job-listing/software-engineer-xant√©-corporation-JV_IC1127676_KO0,17_KE18,35.htm?jl=1007717994721",Alabama,
"https://www.glassdoor.com/job-listing/senior-software-hardware-quality-engineer-cema-bae-systems-JV_IC1127653_KO0,46_KE47,58.htm?jl=1009097550718",Alabama,
"https://www.glassdoor.com/job-listing/mid-level-software-engineer-peopletec-inc-JV_IC1127653_KO0,27_KE28,41.htm?jl=1009108204873",Alabama,
"https://www.glassdoor.com/job-listing/software-developers-gps-it-solutions-JV_IC1127776_KO0,19_KE20,36.htm?jl=1005685503335",Alabama,
"https://www.glassdoor.com/job-listing/senior-qa-automation-engineer-playrix-JV_IC1127676_KO0,29_KE30,37.htm?jl=1009067419218",Alabama,
"https://www.glassdoor.com/job-listing/software-engineer-huntsville-al-sentinel-davidson-technologies-inc-JV_IC1127653_KO0,40_KE41,66.htm?jl=1008944697689",Alabama,
"https://www.glassdoor.com/job-listing/program-level-software-systems-engineer-intrepidllc-JV_IC1127653_KO0,39_KE40,51.htm?jl=1009081155542",Alabama,
"https://www.glassdoor.com/job-listing/software-engineer-staff-lockheed-martin-JV_IC1127653_KO0,23_KE24,39.htm?jl=1009075913169",Alabama,
"https://www.glassdoor.com/job-listing/senior-software-guidance-and-control-engineer-the-charles-stark-draper-laboratory-inc-JV_IC1127653_KO0,45_KE46,85.htm?jl=1009102077105",Alabama,
"https://www.glassdoor.com/job-listing/software-engineer-gan-JV_IC1127653_KO0,17_KE18,21.htm?jl=1008725545645",Alabama,
"https://www.glassdoor.com/job-listing/software-engineer-remote-usa-hexagon-asset-lifecycle-intelligence-JV_IC1127655_KO0,28_KE29,65.htm?jl=1009090427997",Alabama,
"https://www.glassdoor.com/job-listing/software-engineering-ipt-lead-bae-systems-JV_IC1127653_KO0,29_KE30,41.htm?jl=1009086856770",Alabama,
"https://www.glassdoor.com/job-listing/software-developer-ii-ent-university-of-alabama-at-birmingham-JV_IC1127429_KO0,25_KE26,61.htm?jl=1009104949685",Alabama,
"https://www.glassdoor.com/job-listing/software-engineer-peopletec-inc-JV_IC1127653_KO0,17_KE18,31.htm?jl=1009108204879",Alabama,
"https://www.glassdoor.com/job-listing/software-engineer-ierus-technologies-inc-JV_IC1127653_KO0,17_KE18,40.htm?jl=1009073280859",Alabama,
"https://www.glassdoor.com/job-listing/avionics-and-software-flight-systems-responsible-engineer-associate-mid-level-and-senior-level-boeing-JV_IC1127653_KO0,94_KE95,101.htm?jl=1008991157046",Alabama,
"https://www.glassdoor.com/job-listing/junior-software-process-engineer-the-charles-stark-draper-laboratory-inc-JV_IC1127653_KO0,32_KE33,72.htm?jl=1008488368107",Alabama,
"https://www.glassdoor.com/job-listing/test-automation-software-engineer-abaco-systems-JV_IC1127653_KO0,33_KE34,47.htm?jl=1009082526114",Alabama,
"https://www.glassdoor.com/job-listing/software-engineer-ierus-technologies-inc-JV_IC1127653_KO0,17_KE18,40.htm?jl=1009018211082",Alabama,
"https://www.glassdoor.com/job-listing/machine-learning-engineer-playrix-JV_IC1127676_KO0,25_KE26,33.htm?jl=1008525396210",Alabama,
"https://www.glassdoor.com/job-listing/software-engineer-aerial-target-platforms-noblis-JV_IC1127653_KO0,41_KE42,48.htm?jl=1009051057596",Alabama,
"https://www.glassdoor.com/job-listing/software-engineer-manager-saic-JV_IC1127653_KO0,25_KE26,30.htm?jl=1009094512104",Alabama,
"https://www.glassdoor.com/job-listing/software-engineer-entry-sw-iv-v-boeing-intelligence-analytics-JV_IC1127653_KO0,31_KE32,61.htm?jl=1008960404186",Alabama,
"https://www.glassdoor.com/job-listing/software-developer-ii-hybrid-parsons-JV_IC1127653_KO0,28_KE29,36.htm?jl=1009002116448",Alabama,
"https://www.glassdoor.com/job-listing/software-engineer-etl-alfa-insurance-corporate-careers-JV_IC1127704_KO0,21_KE22,54.htm?jl=1009086596263",Alabama,
"https://www.glassdoor.com/job-listing/senior-full-stack-software-engineer-unclaimed-baggage-JV_IC1127727_KO0,35_KE36,53.htm?jl=1009111390253",Alabama,
"https://www.glassdoor.com/job-listing/embedded-software-engineer-cohesionforce-JV_IC1127653_KO0,26_KE27,40.htm?jl=1009055208327",Alabama,
"https://www.glassdoor.com/job-listing/software-engineer-mid-model-sim-weapons-systems-development-integration-boeing-JV_IC1127653_KO0,71_KE72,78.htm?jl=1008718268405",Alabama,
"https://www.glassdoor.com/job-listing/aws-cloud-engineer-regions-JV_IC1157612_KO0,18_KE19,26.htm?jl=1009111305327",Alabama,
"https://www.glassdoor.com/job-listing/software-engineer-huntsville-al-directviz-solutions-llc-JV_IC1127653_KO0,31_KE32,55.htm?jl=1009099564920",Alabama,
"https://www.glassdoor.com/job-listing/embedded-software-engineer-eo-solutions-JV_IC1127653_KO0,26_KE27,39.htm?jl=1009098338216",Alabama,
"https://www.glassdoor.com/job-listing/automation-machine-vision-engineer-management-recruiters-of-tallahassee-JV_IC1127412_KO0,34_KE35,71.htm?jl=1009086642636",Alabama,
